-- phpMyAdmin SQL Dump
-- version 4.9.5deb2
-- https://www.phpmyadmin.net/
--
-- ホスト: localhost:3306
-- 生成日時: 2021 年 9 月 26 日 22:30
-- サーバのバージョン： 10.3.31-MariaDB-0ubuntu0.20.04.1
-- PHP のバージョン: 7.4.3

SET SQL_MODE = "NO_AUTO_VALUE_ON_ZERO";
SET AUTOCOMMIT = 0;
START TRANSACTION;
SET time_zone = "+00:00";


/*!40101 SET @OLD_CHARACTER_SET_CLIENT=@@CHARACTER_SET_CLIENT */;
/*!40101 SET @OLD_CHARACTER_SET_RESULTS=@@CHARACTER_SET_RESULTS */;
/*!40101 SET @OLD_COLLATION_CONNECTION=@@COLLATION_CONNECTION */;
/*!40101 SET NAMES utf8mb4 */;

--
-- データベース: `rucs`
--

-- --------------------------------------------------------

--
-- テーブルの構造 `bringCalendar`
--

CREATE TABLE `bringCalendar` (
  `Date` double NOT NULL,
  `classID` int(11) NOT NULL,
  `subjectID` int(11) NOT NULL,
  `bringName` varchar(50) NOT NULL
) ENGINE=InnoDB DEFAULT CHARSET=utf8;

--
-- テーブルのデータのダンプ `bringCalendar`
--

INSERT INTO `bringCalendar` (`Date`, `classID`, `subjectID`, `bringName`) VALUES
(20210503.1, 52, 10, 'ノート'),
(20210503.1, 52, 10, '教科書'),
(20210503.1, 52, 10, '漢字ドリル'),
(20210503.2, 52, 9, '弁当'),
(20210503.3, 52, 9, '弁当'),
(20210503.4, 52, 9, '弁当'),
(20210503.5, 52, 9, '弁当'),
(20210503.6, 52, 9, '弁当'),
(20210504.1, 52, 10, 'ノート'),
(20210504.1, 52, 10, '教科書'),
(20210504.1, 52, 10, '漢字ドリル'),
(20210504.2, 52, 11, 'ノート'),
(20210504.2, 52, 11, '教科書'),
(20210504.2, 52, 11, '計算ドリル'),
(20210504.3, 52, 9, '弁当'),
(20210504.4, 52, 9, '弁当'),
(20210504.5, 52, 9, '弁当'),
(20210504.6, 52, 9, '弁当'),
(20210505.1, 52, 11, 'ノート'),
(20210505.1, 52, 11, '教科書'),
(20210505.1, 52, 11, '計算ドリル'),
(20210505.2, 52, 12, 'ノート'),
(20210505.2, 52, 12, '教科書'),
(20210505.4, 52, 9, '弁当'),
(20210505.5, 52, 9, '弁当'),
(20210505.6, 52, 9, '弁当'),
(20210506.1, 52, 11, 'ノート'),
(20210506.1, 52, 11, '教科書'),
(20210506.1, 52, 11, '計算ドリル'),
(20210506.4, 52, 13, 'ノート'),
(20210506.4, 52, 13, '教科書'),
(20210506.4, 52, 13, '資料集'),
(20210506.5, 52, 9, '弁当'),
(20210506.6, 52, 9, '弁当'),
(20210507.2, 52, 13, 'ノート'),
(20210507.2, 52, 13, '教科書'),
(20210507.2, 52, 13, '資料集'),
(20210507.3, 52, 14, 'ノート'),
(20210507.3, 52, 14, '教科書'),
(20210507.6, 52, 9, '弁当'),
(20210906.1, 21, 2, 'ノート'),
(20210906.1, 21, 2, '教科書'),
(20210906.1, 52, 10, 'ノート'),
(20210906.1, 52, 10, '教科書'),
(20210906.1, 52, 10, '漢字ドリル'),
(20210906.2, 21, 1, 'ノート'),
(20210906.2, 21, 1, '教科書'),
(20210906.2, 33, 21, 'ノート'),
(20210906.2, 33, 21, '問題集'),
(20210906.2, 33, 21, '教科書'),
(20210906.2, 52, 13, 'ノート'),
(20210906.2, 52, 13, '教科書'),
(20210906.2, 52, 13, '資料集'),
(20210906.3, 21, 1, 'ノート'),
(20210906.3, 21, 1, '教科書'),
(20210906.3, 52, 12, 'ノート'),
(20210906.3, 52, 12, '教科書'),
(20210906.4, 21, 1, 'ノート'),
(20210906.4, 21, 1, '教科書'),
(20210906.5, 21, 1, 'ノート'),
(20210906.5, 21, 1, '教科書'),
(20210906.6, 21, 1, 'ノート'),
(20210906.6, 21, 1, '教科書'),
(20210907.1, 21, 1, 'ノート'),
(20210907.1, 21, 1, '教科書'),
(20210907.1, 33, 21, 'ノート'),
(20210907.1, 33, 21, '問題集'),
(20210907.1, 33, 21, '教科書'),
(20210907.1, 52, 11, 'ノート'),
(20210907.1, 52, 11, '教科書'),
(20210907.1, 52, 11, '計算ドリル'),
(20210907.2, 21, 1, 'ノート'),
(20210907.2, 21, 1, '教科書'),
(20210907.2, 52, 17, '教科書'),
(20210907.3, 21, 2, '教科書'),
(20210907.4, 21, 1, 'ノート'),
(20210907.4, 21, 1, '教科書'),
(20210907.5, 21, 1, 'ノート'),
(20210907.5, 21, 1, '教科書'),
(20210907.5, 52, 10, 'ノート'),
(20210907.5, 52, 10, '教科書'),
(20210907.5, 52, 10, '漢字ドリル'),
(20210907.6, 21, 1, 'ノート'),
(20210907.6, 21, 1, '教科書'),
(20210907.6, 52, 12, 'ノート'),
(20210907.6, 52, 12, '教科書'),
(20210908.1, 21, 1, 'ノート'),
(20210908.1, 21, 1, '教科書'),
(20210908.1, 52, 10, 'ノート'),
(20210908.1, 52, 10, '教科書'),
(20210908.1, 52, 10, '漢字ドリル'),
(20210908.2, 21, 1, 'ノート'),
(20210908.2, 21, 1, '教科書'),
(20210908.2, 52, 14, 'ノート'),
(20210908.2, 52, 14, '教科書'),
(20210908.3, 21, 5, '教科書'),
(20210908.3, 33, 21, 'ノート'),
(20210908.3, 33, 21, '問題集'),
(20210908.3, 33, 21, '教科書'),
(20210908.3, 52, 13, 'ノート'),
(20210908.3, 52, 13, '教科書'),
(20210908.3, 52, 13, '資料集'),
(20210908.4, 21, 1, 'ノート'),
(20210908.4, 21, 1, '教科書'),
(20210908.4, 52, 12, 'ノート'),
(20210908.4, 52, 12, '教科書'),
(20210908.5, 21, 1, 'ノート'),
(20210908.5, 21, 1, '教科書'),
(20210908.6, 21, 1, 'ノート'),
(20210908.6, 21, 1, '教科書'),
(20210909.1, 21, 1, 'ノート'),
(20210909.1, 21, 1, '教科書'),
(20210909.1, 33, 21, 'ノート'),
(20210909.1, 33, 21, '問題集'),
(20210909.1, 33, 21, '教科書'),
(20210909.1, 52, 10, 'ノート'),
(20210909.1, 52, 10, '教科書'),
(20210909.1, 52, 10, '漢字ドリル'),
(20210909.2, 21, 1, 'ノート'),
(20210909.2, 21, 1, '教科書'),
(20210909.2, 52, 13, 'ノート'),
(20210909.2, 52, 13, '教科書'),
(20210909.2, 52, 13, '資料集'),
(20210909.3, 21, 1, 'ノート'),
(20210909.3, 21, 1, '教科書'),
(20210909.3, 52, 11, 'ノート'),
(20210909.3, 52, 11, '教科書'),
(20210909.3, 52, 11, '計算ドリル'),
(20210909.4, 21, 1, 'ノート'),
(20210909.4, 21, 1, '教科書'),
(20210909.4, 52, 12, 'ノート'),
(20210909.4, 52, 12, '教科書'),
(20210909.5, 21, 1, 'ノート'),
(20210909.5, 21, 1, '教科書'),
(20210909.5, 52, 14, 'ノート'),
(20210909.5, 52, 14, '教科書'),
(20210909.6, 21, 1, 'ノート'),
(20210909.6, 21, 1, '教科書'),
(20210910.1, 21, 1, 'ノート'),
(20210910.1, 21, 1, '教科書'),
(20210910.1, 52, 17, '教科書'),
(20210910.2, 21, 1, 'ノート'),
(20210910.2, 21, 1, '教科書'),
(20210910.2, 52, 10, 'ノート'),
(20210910.2, 52, 10, '教科書'),
(20210910.2, 52, 10, '漢字ドリル'),
(20210910.3, 21, 1, 'ノート'),
(20210910.3, 21, 1, '教科書'),
(20210910.3, 52, 14, 'ノート'),
(20210910.3, 52, 14, '教科書'),
(20210910.4, 21, 1, 'ノート'),
(20210910.4, 21, 1, '教科書'),
(20210910.4, 33, 21, 'ノート'),
(20210910.4, 33, 21, '問題集'),
(20210910.4, 33, 21, '教科書'),
(20210910.4, 52, 12, 'ノート'),
(20210910.4, 52, 12, '教科書'),
(20210910.5, 21, 2, '教科書'),
(20210910.5, 52, 11, 'ノート'),
(20210910.5, 52, 11, '教科書'),
(20210910.5, 52, 11, '計算ドリル'),
(20210910.6, 21, 1, 'ノート'),
(20210910.6, 21, 1, '教科書'),
(20210913.1, 21, 2, '教科書'),
(20210913.1, 52, 10, 'ノート'),
(20210913.1, 52, 10, '教科書'),
(20210913.1, 52, 10, '漢字ドリル'),
(20210913.2, 21, 1, 'ノート'),
(20210913.2, 21, 1, '教科書'),
(20210913.2, 33, 21, 'ノート'),
(20210913.2, 33, 21, '問題集'),
(20210913.2, 33, 21, '教科書'),
(20210913.2, 52, 13, 'ノート'),
(20210913.2, 52, 13, '教科書'),
(20210913.2, 52, 13, '資料集'),
(20210913.3, 21, 1, 'ノート'),
(20210913.3, 21, 1, '教科書'),
(20210913.3, 52, 12, 'ノート'),
(20210913.3, 52, 12, '教科書'),
(20210913.4, 21, 1, 'ノート'),
(20210913.4, 21, 1, '教科書'),
(20210913.5, 21, 1, 'ノート'),
(20210913.5, 21, 1, '教科書'),
(20210913.6, 21, 1, 'ノート'),
(20210913.6, 21, 1, '教科書'),
(20210914.1, 21, 1, 'ノート'),
(20210914.1, 21, 1, '教科書'),
(20210914.1, 33, 21, 'ノート'),
(20210914.1, 33, 21, '問題集'),
(20210914.1, 33, 21, '教科書'),
(20210914.1, 52, 11, 'ノート'),
(20210914.1, 52, 11, '教科書'),
(20210914.1, 52, 11, '計算ドリル'),
(20210914.2, 21, 1, 'ノート'),
(20210914.2, 21, 1, '教科書'),
(20210914.2, 52, 17, '教科書'),
(20210914.3, 21, 2, '教科書'),
(20210914.4, 21, 1, 'ノート'),
(20210914.4, 21, 1, '教科書'),
(20210914.5, 21, 1, 'ノート'),
(20210914.5, 21, 1, '教科書'),
(20210914.5, 52, 10, 'ノート'),
(20210914.5, 52, 10, '教科書'),
(20210914.5, 52, 10, '漢字ドリル'),
(20210914.6, 21, 1, 'ノート'),
(20210914.6, 21, 1, '教科書'),
(20210914.6, 52, 12, 'ノート'),
(20210914.6, 52, 12, '教科書'),
(20210915.1, 21, 1, 'ノート'),
(20210915.1, 21, 1, '教科書'),
(20210915.1, 52, 10, 'ノート'),
(20210915.1, 52, 10, '教科書'),
(20210915.1, 52, 10, '漢字ドリル'),
(20210915.2, 21, 1, 'ノート'),
(20210915.2, 21, 1, '教科書'),
(20210915.2, 52, 14, 'ノート'),
(20210915.2, 52, 14, '教科書'),
(20210915.3, 21, 5, '教科書'),
(20210915.3, 33, 21, 'ノート'),
(20210915.3, 33, 21, '問題集'),
(20210915.3, 33, 21, '教科書'),
(20210915.3, 52, 13, 'ノート'),
(20210915.3, 52, 13, '教科書'),
(20210915.3, 52, 13, '資料集'),
(20210915.4, 21, 1, 'ノート'),
(20210915.4, 21, 1, '教科書'),
(20210915.4, 52, 12, 'ノート'),
(20210915.4, 52, 12, '教科書'),
(20210915.5, 21, 1, 'ノート'),
(20210915.5, 21, 1, '教科書'),
(20210915.6, 21, 1, 'ノート'),
(20210915.6, 21, 1, '教科書'),
(20210916.1, 21, 1, 'ノート'),
(20210916.1, 21, 1, '教科書'),
(20210916.1, 33, 21, 'ノート'),
(20210916.1, 33, 21, '問題集'),
(20210916.1, 33, 21, '教科書'),
(20210916.1, 52, 10, 'ノート'),
(20210916.1, 52, 10, '教科書'),
(20210916.1, 52, 10, '漢字ドリル'),
(20210916.2, 21, 1, 'ノート'),
(20210916.2, 21, 1, '教科書'),
(20210916.2, 52, 13, 'ノート'),
(20210916.2, 52, 13, '教科書'),
(20210916.2, 52, 13, '資料集'),
(20210916.3, 21, 1, 'ノート'),
(20210916.3, 21, 1, '教科書'),
(20210916.3, 52, 11, 'ノート'),
(20210916.3, 52, 11, '教科書'),
(20210916.3, 52, 11, '計算ドリル'),
(20210916.4, 21, 1, 'ノート'),
(20210916.4, 21, 1, '教科書'),
(20210916.4, 52, 12, 'ノート'),
(20210916.4, 52, 12, '教科書'),
(20210916.5, 21, 1, 'ノート'),
(20210916.5, 21, 1, '教科書'),
(20210916.5, 52, 14, 'ノート'),
(20210916.5, 52, 14, '教科書'),
(20210916.6, 21, 1, 'ノート'),
(20210916.6, 21, 1, '教科書'),
(20210917.1, 21, 1, 'ノート'),
(20210917.1, 21, 1, '教科書'),
(20210917.1, 52, 17, '教科書'),
(20210917.2, 21, 1, 'ノート'),
(20210917.2, 21, 1, '教科書'),
(20210917.2, 52, 10, 'ノート'),
(20210917.2, 52, 10, '教科書'),
(20210917.2, 52, 10, '漢字ドリル'),
(20210917.3, 21, 1, 'ノート'),
(20210917.3, 21, 1, '教科書'),
(20210917.3, 52, 14, 'ノート'),
(20210917.3, 52, 14, '教科書'),
(20210917.4, 21, 1, 'ノート'),
(20210917.4, 21, 1, '教科書'),
(20210917.4, 33, 21, 'ノート'),
(20210917.4, 33, 21, '問題集'),
(20210917.4, 33, 21, '教科書'),
(20210917.4, 52, 12, 'ノート'),
(20210917.4, 52, 12, '教科書'),
(20210917.5, 21, 2, '教科書'),
(20210917.5, 52, 11, 'ノート'),
(20210917.5, 52, 11, '教科書'),
(20210917.5, 52, 11, '計算ドリル'),
(20210917.6, 21, 1, 'ノート'),
(20210917.6, 21, 1, '教科書'),
(20210920.1, 21, 2, '教科書'),
(20210920.1, 52, 10, 'ノート'),
(20210920.1, 52, 10, '教科書'),
(20210920.1, 52, 10, '漢字ドリル'),
(20210920.2, 21, 1, 'ノート'),
(20210920.2, 21, 1, '教科書'),
(20210920.2, 33, 21, 'ノート'),
(20210920.2, 33, 21, '問題集'),
(20210920.2, 33, 21, '教科書'),
(20210920.2, 52, 13, 'ノート'),
(20210920.2, 52, 13, '教科書'),
(20210920.2, 52, 13, '資料集'),
(20210920.3, 21, 1, 'ノート'),
(20210920.3, 21, 1, '教科書'),
(20210920.3, 52, 12, 'ノート'),
(20210920.3, 52, 12, '教科書'),
(20210920.4, 21, 1, 'ノート'),
(20210920.4, 21, 1, '教科書'),
(20210920.5, 21, 1, 'ノート'),
(20210920.5, 21, 1, '教科書'),
(20210920.6, 21, 1, 'ノート'),
(20210920.6, 21, 1, '教科書'),
(20210921.1, 21, 1, 'ノート'),
(20210921.1, 21, 1, '教科書'),
(20210921.1, 33, 21, 'ノート'),
(20210921.1, 33, 21, '問題集'),
(20210921.1, 33, 21, '教科書'),
(20210921.1, 52, 11, 'ノート'),
(20210921.1, 52, 11, '教科書'),
(20210921.1, 52, 11, '計算ドリル'),
(20210921.2, 21, 1, 'ノート'),
(20210921.2, 21, 1, '教科書'),
(20210921.2, 52, 17, '教科書'),
(20210921.3, 21, 2, '教科書'),
(20210921.4, 21, 1, 'ノート'),
(20210921.4, 21, 1, '教科書'),
(20210921.5, 21, 1, 'ノート'),
(20210921.5, 21, 1, '教科書'),
(20210921.5, 52, 10, 'ノート'),
(20210921.5, 52, 10, '教科書'),
(20210921.5, 52, 10, '漢字ドリル'),
(20210921.6, 21, 1, 'ノート'),
(20210921.6, 21, 1, '教科書'),
(20210921.6, 52, 12, 'ノート'),
(20210921.6, 52, 12, '教科書'),
(20210922.1, 21, 1, 'ノート'),
(20210922.1, 21, 1, '教科書'),
(20210922.1, 52, 10, 'ノート'),
(20210922.1, 52, 10, '教科書'),
(20210922.1, 52, 10, '漢字ドリル'),
(20210922.2, 21, 1, 'ノート'),
(20210922.2, 21, 1, '教科書'),
(20210922.2, 52, 14, 'ノート'),
(20210922.2, 52, 14, '教科書'),
(20210922.3, 21, 5, '教科書'),
(20210922.3, 33, 21, 'ノート'),
(20210922.3, 33, 21, '問題集'),
(20210922.3, 33, 21, '教科書'),
(20210922.3, 52, 13, 'ノート'),
(20210922.3, 52, 13, '教科書'),
(20210922.3, 52, 13, '資料集'),
(20210922.4, 21, 1, 'ノート'),
(20210922.4, 21, 1, '教科書'),
(20210922.4, 52, 12, 'ノート'),
(20210922.4, 52, 12, '教科書'),
(20210922.5, 21, 1, 'ノート'),
(20210922.5, 21, 1, '教科書'),
(20210922.6, 21, 1, 'ノート'),
(20210922.6, 21, 1, '教科書'),
(20210923.1, 21, 1, 'ノート'),
(20210923.1, 21, 1, '教科書'),
(20210923.1, 33, 21, 'ノート'),
(20210923.1, 33, 21, '問題集'),
(20210923.1, 33, 21, '教科書'),
(20210923.1, 52, 10, 'ノート'),
(20210923.1, 52, 10, '教科書'),
(20210923.1, 52, 10, '漢字ドリル'),
(20210923.2, 21, 5, 'ノート'),
(20210923.2, 21, 5, '教科書'),
(20210923.2, 52, 13, 'ノート'),
(20210923.2, 52, 13, '教科書'),
(20210923.2, 52, 13, '資料集'),
(20210923.3, 21, 1, 'ノート'),
(20210923.3, 21, 1, '教科書'),
(20210923.3, 52, 11, 'ノート'),
(20210923.3, 52, 11, '教科書'),
(20210923.3, 52, 11, '計算ドリル'),
(20210923.4, 21, 1, 'ノート'),
(20210923.4, 21, 1, '教科書'),
(20210923.4, 52, 12, 'ノート'),
(20210923.4, 52, 12, '教科書'),
(20210923.5, 21, 1, 'ノート'),
(20210923.5, 21, 1, '教科書'),
(20210923.5, 52, 14, 'ノート'),
(20210923.5, 52, 14, '教科書'),
(20210923.6, 21, 1, 'ノート'),
(20210923.6, 21, 1, '教科書'),
(20210924.1, 21, 1, 'ノート'),
(20210924.1, 21, 1, '教科書'),
(20210924.1, 52, 17, 'ノート'),
(20210924.1, 52, 17, '教科書'),
(20210924.2, 21, 1, 'ノート'),
(20210924.2, 21, 1, '教科書'),
(20210924.2, 52, 10, 'ノート'),
(20210924.2, 52, 10, '教科書'),
(20210924.2, 52, 10, '漢字ドリル'),
(20210924.3, 21, 1, 'ノート'),
(20210924.3, 21, 1, '教科書'),
(20210924.3, 52, 14, 'ノート'),
(20210924.3, 52, 14, '教科書'),
(20210924.4, 21, 1, 'ノート'),
(20210924.4, 21, 1, '教科書'),
(20210924.4, 33, 21, 'ノート'),
(20210924.4, 33, 21, '問題集'),
(20210924.4, 33, 21, '教科書'),
(20210924.4, 52, 12, 'ノート'),
(20210924.4, 52, 12, '教科書'),
(20210924.5, 21, 2, '教科書'),
(20210924.5, 52, 11, 'ノート'),
(20210924.5, 52, 11, '教科書'),
(20210924.5, 52, 11, '計算ドリル'),
(20210924.6, 21, 1, 'ノート'),
(20210924.6, 21, 1, '教科書'),
(20210925.1, 33, 21, 'ノート'),
(20210925.1, 33, 21, '問題集'),
(20210925.1, 33, 21, '教科書'),
(20210926.1, 52, 10, 'ノート'),
(20210926.1, 52, 10, '教科書'),
(20210926.1, 52, 10, '漢字ドリル'),
(20210926.2, 52, 11, 'ノート'),
(20210926.2, 52, 11, '教科書'),
(20210926.2, 52, 11, '計算ドリル'),
(20210927.1, 21, 2, '教科書'),
(20210927.1, 52, 10, 'ノート'),
(20210927.1, 52, 10, '教科書'),
(20210927.1, 52, 10, '漢字ドリル'),
(20210927.2, 21, 1, 'ノート'),
(20210927.2, 21, 1, '教科書'),
(20210927.2, 33, 21, 'ノート'),
(20210927.2, 33, 21, '問題集'),
(20210927.2, 33, 21, '教科書'),
(20210927.2, 52, 13, 'ノート'),
(20210927.2, 52, 13, '教科書'),
(20210927.2, 52, 13, '資料集'),
(20210927.3, 21, 1, 'ノート'),
(20210927.3, 21, 1, '教科書'),
(20210927.3, 52, 12, 'ノート'),
(20210927.3, 52, 12, '教科書'),
(20210927.4, 21, 1, 'ノート'),
(20210927.4, 21, 1, '教科書'),
(20210927.5, 21, 1, 'ノート'),
(20210927.5, 21, 1, '教科書'),
(20210927.6, 21, 1, 'ノート'),
(20210927.6, 21, 1, '教科書'),
(20210928.1, 21, 1, 'ノート'),
(20210928.1, 21, 1, '教科書'),
(20210928.1, 33, 21, 'ノート'),
(20210928.1, 33, 21, '問題集'),
(20210928.1, 33, 21, '教科書'),
(20210928.1, 52, 11, 'ノート'),
(20210928.1, 52, 11, '教科書'),
(20210928.1, 52, 11, '計算ドリル'),
(20210928.2, 21, 1, 'ノート'),
(20210928.2, 21, 1, '教科書'),
(20210928.2, 52, 17, '教科書'),
(20210928.3, 21, 2, '教科書'),
(20210928.4, 21, 1, 'ノート'),
(20210928.4, 21, 1, '教科書'),
(20210928.5, 21, 1, 'ノート'),
(20210928.5, 21, 1, '教科書'),
(20210928.5, 52, 10, 'ノート'),
(20210928.5, 52, 10, '教科書'),
(20210928.5, 52, 10, '漢字ドリル'),
(20210928.6, 21, 1, 'ノート'),
(20210928.6, 21, 1, '教科書'),
(20210928.6, 52, 12, 'ノート'),
(20210928.6, 52, 12, '教科書'),
(20210929.1, 21, 1, 'ノート'),
(20210929.1, 21, 1, '教科書'),
(20210929.1, 52, 10, 'ノート'),
(20210929.1, 52, 10, '教科書'),
(20210929.1, 52, 10, '漢字ドリル'),
(20210929.2, 21, 1, 'ノート'),
(20210929.2, 21, 1, '教科書'),
(20210929.2, 52, 14, 'ノート'),
(20210929.2, 52, 14, '教科書'),
(20210929.3, 21, 5, '教科書'),
(20210929.3, 33, 21, 'ノート'),
(20210929.3, 33, 21, '問題集'),
(20210929.3, 33, 21, '教科書'),
(20210929.3, 52, 13, 'ノート'),
(20210929.3, 52, 13, '教科書'),
(20210929.3, 52, 13, '資料集'),
(20210929.4, 21, 1, 'ノート'),
(20210929.4, 21, 1, '教科書'),
(20210929.4, 52, 12, 'ノート'),
(20210929.4, 52, 12, '教科書'),
(20210929.5, 21, 1, 'ノート'),
(20210929.5, 21, 1, '教科書'),
(20210929.6, 21, 1, 'ノート'),
(20210929.6, 21, 1, '教科書'),
(20210930.1, 21, 1, 'ノート'),
(20210930.1, 21, 1, '教科書'),
(20210930.1, 33, 21, 'ノート'),
(20210930.1, 33, 21, '問題集'),
(20210930.1, 33, 21, '教科書'),
(20210930.1, 52, 10, 'ノート'),
(20210930.1, 52, 10, '教科書'),
(20210930.1, 52, 10, '漢字ドリル'),
(20210930.2, 21, 1, 'ノート'),
(20210930.2, 21, 1, '教科書'),
(20210930.2, 52, 13, 'ノート'),
(20210930.2, 52, 13, '教科書'),
(20210930.2, 52, 13, '資料集'),
(20210930.3, 21, 1, 'ノート'),
(20210930.3, 21, 1, '教科書'),
(20210930.3, 52, 11, 'ノート'),
(20210930.3, 52, 11, '教科書'),
(20210930.3, 52, 11, '計算ドリル'),
(20210930.4, 21, 1, 'ノート'),
(20210930.4, 21, 1, '教科書'),
(20210930.4, 52, 12, 'ノート'),
(20210930.4, 52, 12, '教科書'),
(20210930.5, 21, 1, 'ノート'),
(20210930.5, 21, 1, '教科書'),
(20210930.5, 52, 14, 'ノート'),
(20210930.5, 52, 14, '教科書'),
(20210930.6, 21, 1, 'ノート'),
(20210930.6, 21, 1, '教科書'),
(20211001.1, 21, 1, 'ノート'),
(20211001.1, 21, 1, '教科書'),
(20211001.1, 52, 17, '教科書'),
(20211001.2, 21, 1, 'ノート'),
(20211001.2, 21, 1, '教科書'),
(20211001.2, 52, 10, 'ノート'),
(20211001.2, 52, 10, '教科書'),
(20211001.2, 52, 10, '漢字ドリル'),
(20211001.3, 21, 1, 'ノート'),
(20211001.3, 21, 1, '教科書'),
(20211001.3, 52, 14, 'ノート'),
(20211001.3, 52, 14, '教科書'),
(20211001.4, 21, 1, 'ノート'),
(20211001.4, 21, 1, '教科書'),
(20211001.4, 33, 21, 'ノート'),
(20211001.4, 33, 21, '問題集'),
(20211001.4, 33, 21, '教科書'),
(20211001.4, 52, 12, 'ノート'),
(20211001.4, 52, 12, '教科書'),
(20211001.5, 21, 2, '教科書'),
(20211001.5, 52, 11, 'ノート'),
(20211001.5, 52, 11, '教科書'),
(20211001.5, 52, 11, '計算ドリル'),
(20211001.6, 21, 1, 'ノート'),
(20211001.6, 21, 1, '教科書'),
(20211004.1, 21, 2, '教科書'),
(20211004.2, 21, 1, 'ノート'),
(20211004.2, 21, 1, '教科書'),
(20211004.3, 21, 2, '教科書'),
(20211004.4, 21, 2, '教科書'),
(20211004.5, 21, 1, 'ノート'),
(20211004.5, 21, 1, '教科書'),
(20211004.6, 21, 1, 'ノート'),
(20211004.6, 21, 1, '教科書'),
(20211005.2, 21, 1, 'ノート'),
(20211005.2, 21, 1, '教科書'),
(20211005.3, 21, 2, '教科書'),
(20211005.4, 21, 2, '教科書'),
(20211005.5, 21, 5, '教科書'),
(20211005.6, 21, 1, 'ノート'),
(20211005.6, 21, 1, '教科書'),
(20211006.1, 21, 1, 'ノート'),
(20211006.1, 21, 1, '教科書'),
(20211006.2, 21, 2, '教科書'),
(20211006.3, 21, 2, '教科書'),
(20211006.4, 21, 1, 'ノート'),
(20211006.4, 21, 1, '教科書'),
(20211006.5, 21, 2, '教科書'),
(20211006.6, 21, 1, 'ノート'),
(20211006.6, 21, 1, '教科書'),
(20211007.1, 21, 1, 'ノート'),
(20211007.1, 21, 1, '教科書'),
(20211007.2, 21, 2, '教科書'),
(20211007.3, 21, 1, 'ノート'),
(20211007.3, 21, 1, '教科書'),
(20211007.4, 21, 1, 'ノート'),
(20211007.4, 21, 1, '教科書'),
(20211008.1, 21, 5, '教科書'),
(20211008.2, 21, 1, 'ノート'),
(20211008.2, 21, 1, '教科書'),
(20211008.5, 21, 2, '教科書'),
(20211008.6, 21, 1, 'ノート'),
(20211008.6, 21, 1, '教科書'),
(20211011.1, 21, 1, 'ノート'),
(20211011.1, 21, 1, '教科書'),
(20211011.2, 21, 1, 'ノート'),
(20211011.2, 21, 1, '教科書'),
(20211011.3, 21, 1, 'ノート'),
(20211011.3, 21, 1, '教科書'),
(20211011.4, 21, 1, 'ノート'),
(20211011.4, 21, 1, '教科書'),
(20211011.5, 21, 1, 'ノート'),
(20211011.5, 21, 1, '教科書'),
(20211011.6, 21, 1, 'ノート'),
(20211011.6, 21, 1, '教科書'),
(20211012.1, 21, 2, '教科書'),
(20211012.2, 21, 1, 'ノート'),
(20211012.2, 21, 1, '教科書'),
(20211012.3, 21, 1, 'ノート'),
(20211012.3, 21, 1, '教科書'),
(20211012.4, 21, 1, 'ノート'),
(20211012.4, 21, 1, '教科書'),
(20211012.5, 21, 1, 'ノート'),
(20211012.5, 21, 1, '教科書'),
(20211012.6, 21, 1, 'ノート'),
(20211012.6, 21, 1, '教科書'),
(20211013.1, 21, 2, '教科書'),
(20211013.2, 21, 1, 'ノート'),
(20211013.2, 21, 1, '教科書'),
(20211013.3, 21, 1, 'ノート'),
(20211013.3, 21, 1, '教科書'),
(20211013.4, 21, 1, 'ノート'),
(20211013.4, 21, 1, '教科書'),
(20211013.5, 21, 1, 'ノート'),
(20211013.5, 21, 1, '教科書'),
(20211013.6, 21, 1, 'ノート'),
(20211013.6, 21, 1, '教科書'),
(20211014.1, 21, 5, '教科書'),
(20211014.2, 21, 1, 'ノート'),
(20211014.2, 21, 1, '教科書'),
(20211014.3, 21, 1, 'ノート'),
(20211014.3, 21, 1, '教科書'),
(20211014.4, 21, 1, 'ノート'),
(20211014.4, 21, 1, '教科書'),
(20211014.5, 21, 1, 'ノート'),
(20211014.5, 21, 1, '教科書'),
(20211014.6, 21, 1, 'ノート'),
(20211014.6, 21, 1, '教科書'),
(20211015.2, 21, 1, 'ノート'),
(20211015.2, 21, 1, '教科書'),
(20211015.3, 21, 1, 'ノート'),
(20211015.3, 21, 1, '教科書'),
(20211015.4, 21, 1, 'ノート'),
(20211015.4, 21, 1, '教科書'),
(20211015.5, 21, 1, 'ノート'),
(20211015.5, 21, 1, '教科書'),
(20211015.6, 21, 1, 'ノート'),
(20211015.6, 21, 1, '教科書');

-- --------------------------------------------------------

--
-- テーブルの構造 `bringTable`
--

CREATE TABLE `bringTable` (
  `bringID` int(11) NOT NULL,
  `classID` int(11) NOT NULL,
  `subjectID` int(11) NOT NULL,
  `bringName` text NOT NULL
) ENGINE=InnoDB DEFAULT CHARSET=utf8;

--
-- テーブルのデータのダンプ `bringTable`
--

INSERT INTO `bringTable` (`bringID`, `classID`, `subjectID`, `bringName`) VALUES
(1, 21, 1, '教科書'),
(10, 21, 2, '教科書'),
(11, 21, 1, 'ノート'),
(12, 21, 5, '教科書'),
(13, 52, 10, '教科書'),
(14, 52, 10, 'ノート'),
(15, 52, 10, '漢字ドリル'),
(16, 52, 11, '教科書'),
(17, 52, 11, 'ノート'),
(18, 52, 11, '計算ドリル'),
(19, 52, 12, '教科書'),
(20, 52, 12, 'ノート'),
(21, 52, 13, '教科書'),
(22, 52, 13, 'ノート'),
(23, 52, 13, '資料集'),
(24, 52, 14, '教科書'),
(25, 52, 14, 'ノート'),
(26, 52, 17, '教科書'),
(27, 33, 21, '教科書'),
(28, 33, 21, 'ノート'),
(29, 33, 21, '問題集'),
(30, 52, 9, '弁当'),
(31, 33, 23, '地図帳'),
(32, 33, 23, '教科書'),
(33, 33, 23, 'ノート');

-- --------------------------------------------------------

--
-- テーブルの構造 `Calendar`
--

CREATE TABLE `Calendar` (
  `originalNumber` double NOT NULL,
  `date` date NOT NULL,
  `dayOfweek` int(11) NOT NULL,
  `classID` int(11) NOT NULL,
  `time` int(11) NOT NULL,
  `subjectID` int(11) NOT NULL
) ENGINE=InnoDB DEFAULT CHARSET=utf8;

--
-- テーブルのデータのダンプ `Calendar`
--

INSERT INTO `Calendar` (`originalNumber`, `date`, `dayOfweek`, `classID`, `time`, `subjectID`) VALUES
(20210503.1, '2021-05-03', 0, 52, 1, 10),
(20210503.2, '2021-05-03', 0, 52, 2, 9),
(20210503.3, '2021-05-03', 0, 52, 3, 9),
(20210503.4, '2021-05-03', 0, 52, 4, 9),
(20210503.5, '2021-05-03', 0, 52, 5, 9),
(20210503.6, '2021-05-03', 0, 52, 6, 9),
(20210504.1, '2021-05-04', 1, 52, 1, 10),
(20210504.2, '2021-05-04', 1, 52, 2, 11),
(20210504.3, '2021-05-04', 1, 52, 3, 9),
(20210504.4, '2021-05-04', 1, 52, 4, 9),
(20210504.5, '2021-05-04', 1, 52, 5, 9),
(20210504.6, '2021-05-04', 1, 52, 6, 9),
(20210505.1, '2021-05-05', 2, 52, 1, 11),
(20210505.2, '2021-05-05', 2, 52, 2, 12),
(20210505.3, '2021-05-05', 2, 52, 3, 15),
(20210505.4, '2021-05-05', 2, 52, 4, 9),
(20210505.5, '2021-05-05', 2, 52, 5, 9),
(20210505.6, '2021-05-05', 2, 52, 6, 9),
(20210506.1, '2021-05-06', 3, 52, 1, 11),
(20210506.2, '2021-05-06', 3, 52, 2, 18),
(20210506.3, '2021-05-06', 3, 52, 3, 15),
(20210506.4, '2021-05-06', 3, 52, 4, 13),
(20210506.5, '2021-05-06', 3, 52, 5, 9),
(20210506.6, '2021-05-06', 3, 52, 6, 9),
(20210507.1, '2021-05-07', 4, 52, 1, 18),
(20210507.2, '2021-05-07', 4, 52, 2, 13),
(20210507.3, '2021-05-07', 4, 52, 3, 14),
(20210507.4, '2021-05-07', 4, 52, 4, 16),
(20210507.5, '2021-05-07', 4, 52, 5, 16),
(20210507.6, '2021-05-07', 4, 52, 6, 9),
(20210906.1, '2021-09-06', 0, 21, 1, 2),
(20210906.1, '2021-09-06', 0, 33, 1, 20),
(20210906.1, '2021-09-06', 0, 52, 1, 10),
(20210906.2, '2021-09-06', 0, 21, 2, 1),
(20210906.2, '2021-09-06', 0, 33, 2, 21),
(20210906.2, '2021-09-06', 0, 52, 2, 13),
(20210906.3, '2021-09-06', 0, 21, 3, 1),
(20210906.3, '2021-09-06', 0, 33, 3, 22),
(20210906.3, '2021-09-06', 0, 52, 3, 12),
(20210906.4, '2021-09-06', 0, 21, 4, 1),
(20210906.4, '2021-09-06', 0, 33, 4, 23),
(20210906.4, '2021-09-06', 0, 52, 4, 18),
(20210906.5, '2021-09-06', 0, 21, 5, 1),
(20210906.5, '2021-09-06', 0, 33, 5, 1),
(20210906.5, '2021-09-06', 0, 52, 5, 16),
(20210906.6, '2021-09-06', 0, 21, 6, 1),
(20210906.6, '2021-09-06', 0, 33, 6, 1),
(20210906.6, '2021-09-06', 0, 52, 6, 1),
(20210907.1, '2021-09-07', 1, 21, 1, 1),
(20210907.1, '2021-09-07', 1, 33, 1, 21),
(20210907.1, '2021-09-07', 1, 52, 1, 11),
(20210907.2, '2021-09-07', 1, 21, 2, 1),
(20210907.2, '2021-09-07', 1, 33, 2, 23),
(20210907.2, '2021-09-07', 1, 52, 2, 17),
(20210907.3, '2021-09-07', 1, 21, 3, 2),
(20210907.3, '2021-09-07', 1, 33, 3, 20),
(20210907.3, '2021-09-07', 1, 52, 3, 15),
(20210907.4, '2021-09-07', 1, 21, 4, 1),
(20210907.4, '2021-09-07', 1, 33, 4, 22),
(20210907.4, '2021-09-07', 1, 52, 4, 15),
(20210907.5, '2021-09-07', 1, 21, 5, 1),
(20210907.5, '2021-09-07', 1, 33, 5, 1),
(20210907.5, '2021-09-07', 1, 52, 5, 10),
(20210907.6, '2021-09-07', 1, 21, 6, 1),
(20210907.6, '2021-09-07', 1, 33, 6, 1),
(20210907.6, '2021-09-07', 1, 52, 6, 12),
(20210908.1, '2021-09-08', 2, 21, 1, 1),
(20210908.1, '2021-09-08', 2, 33, 1, 22),
(20210908.1, '2021-09-08', 2, 52, 1, 10),
(20210908.2, '2021-09-08', 2, 21, 2, 1),
(20210908.2, '2021-09-08', 2, 33, 2, 20),
(20210908.2, '2021-09-08', 2, 52, 2, 14),
(20210908.3, '2021-09-08', 2, 21, 3, 5),
(20210908.3, '2021-09-08', 2, 33, 3, 21),
(20210908.3, '2021-09-08', 2, 52, 3, 13),
(20210908.4, '2021-09-08', 2, 21, 4, 1),
(20210908.4, '2021-09-08', 2, 33, 4, 23),
(20210908.4, '2021-09-08', 2, 52, 4, 12),
(20210908.5, '2021-09-08', 2, 21, 5, 1),
(20210908.5, '2021-09-08', 2, 33, 5, 1),
(20210908.5, '2021-09-08', 2, 52, 5, 16),
(20210908.6, '2021-09-08', 2, 21, 6, 1),
(20210908.6, '2021-09-08', 2, 33, 6, 1),
(20210908.6, '2021-09-08', 2, 52, 6, 1),
(20210909.1, '2021-09-09', 3, 21, 1, 1),
(20210909.1, '2021-09-09', 3, 33, 1, 21),
(20210909.1, '2021-09-09', 3, 52, 1, 10),
(20210909.2, '2021-09-09', 3, 21, 2, 1),
(20210909.2, '2021-09-09', 3, 33, 2, 22),
(20210909.2, '2021-09-09', 3, 52, 2, 13),
(20210909.3, '2021-09-09', 3, 21, 3, 1),
(20210909.3, '2021-09-09', 3, 33, 3, 23),
(20210909.3, '2021-09-09', 3, 52, 3, 11),
(20210909.4, '2021-09-09', 3, 21, 4, 1),
(20210909.4, '2021-09-09', 3, 33, 4, 20),
(20210909.4, '2021-09-09', 3, 52, 4, 12),
(20210909.5, '2021-09-09', 3, 21, 5, 1),
(20210909.5, '2021-09-09', 3, 33, 5, 1),
(20210909.5, '2021-09-09', 3, 52, 5, 14),
(20210909.6, '2021-09-09', 3, 21, 6, 1),
(20210909.6, '2021-09-09', 3, 33, 6, 1),
(20210909.6, '2021-09-09', 3, 52, 6, 16),
(20210910.1, '2021-09-10', 4, 21, 1, 1),
(20210910.1, '2021-09-10', 4, 33, 1, 23),
(20210910.1, '2021-09-10', 4, 52, 1, 17),
(20210910.2, '2021-09-10', 4, 21, 2, 1),
(20210910.2, '2021-09-10', 4, 33, 2, 20),
(20210910.2, '2021-09-10', 4, 52, 2, 10),
(20210910.3, '2021-09-10', 4, 21, 3, 1),
(20210910.3, '2021-09-10', 4, 33, 3, 22),
(20210910.3, '2021-09-10', 4, 52, 3, 14),
(20210910.4, '2021-09-10', 4, 21, 4, 1),
(20210910.4, '2021-09-10', 4, 33, 4, 21),
(20210910.4, '2021-09-10', 4, 52, 4, 12),
(20210910.5, '2021-09-10', 4, 21, 5, 2),
(20210910.5, '2021-09-10', 4, 33, 5, 1),
(20210910.5, '2021-09-10', 4, 52, 5, 11),
(20210910.6, '2021-09-10', 4, 21, 6, 1),
(20210910.6, '2021-09-10', 4, 33, 6, 1),
(20210910.6, '2021-09-10', 4, 52, 6, 1),
(20210913.1, '2021-09-13', 0, 21, 1, 2),
(20210913.1, '2021-09-13', 0, 33, 1, 20),
(20210913.1, '2021-09-13', 0, 52, 1, 10),
(20210913.2, '2021-09-13', 0, 21, 2, 1),
(20210913.2, '2021-09-13', 0, 33, 2, 21),
(20210913.2, '2021-09-13', 0, 52, 2, 13),
(20210913.3, '2021-09-13', 0, 21, 3, 1),
(20210913.3, '2021-09-13', 0, 33, 3, 22),
(20210913.3, '2021-09-13', 0, 52, 3, 12),
(20210913.4, '2021-09-13', 0, 21, 4, 1),
(20210913.4, '2021-09-13', 0, 33, 4, 23),
(20210913.4, '2021-09-13', 0, 52, 4, 18),
(20210913.5, '2021-09-13', 0, 21, 5, 1),
(20210913.5, '2021-09-13', 0, 33, 5, 1),
(20210913.5, '2021-09-13', 0, 52, 5, 16),
(20210913.6, '2021-09-13', 0, 21, 6, 1),
(20210913.6, '2021-09-13', 0, 33, 6, 1),
(20210913.6, '2021-09-13', 0, 52, 6, 1),
(20210914.1, '2021-09-14', 1, 21, 1, 1),
(20210914.1, '2021-09-14', 1, 33, 1, 21),
(20210914.1, '2021-09-14', 1, 52, 1, 11),
(20210914.2, '2021-09-14', 1, 21, 2, 1),
(20210914.2, '2021-09-14', 1, 33, 2, 23),
(20210914.2, '2021-09-14', 1, 52, 2, 17),
(20210914.3, '2021-09-14', 1, 21, 3, 2),
(20210914.3, '2021-09-14', 1, 33, 3, 20),
(20210914.3, '2021-09-14', 1, 52, 3, 15),
(20210914.4, '2021-09-14', 1, 21, 4, 1),
(20210914.4, '2021-09-14', 1, 33, 4, 22),
(20210914.4, '2021-09-14', 1, 52, 4, 15),
(20210914.5, '2021-09-14', 1, 21, 5, 1),
(20210914.5, '2021-09-14', 1, 33, 5, 1),
(20210914.5, '2021-09-14', 1, 52, 5, 10),
(20210914.6, '2021-09-14', 1, 21, 6, 1),
(20210914.6, '2021-09-14', 1, 33, 6, 1),
(20210914.6, '2021-09-14', 1, 52, 6, 12),
(20210915.1, '2021-09-15', 2, 21, 1, 1),
(20210915.1, '2021-09-15', 2, 33, 1, 22),
(20210915.1, '2021-09-15', 2, 52, 1, 10),
(20210915.2, '2021-09-15', 2, 21, 2, 1),
(20210915.2, '2021-09-15', 2, 33, 2, 20),
(20210915.2, '2021-09-15', 2, 52, 2, 14),
(20210915.3, '2021-09-15', 2, 21, 3, 5),
(20210915.3, '2021-09-15', 2, 33, 3, 21),
(20210915.3, '2021-09-15', 2, 52, 3, 13),
(20210915.4, '2021-09-15', 2, 21, 4, 1),
(20210915.4, '2021-09-15', 2, 33, 4, 23),
(20210915.4, '2021-09-15', 2, 52, 4, 12),
(20210915.5, '2021-09-15', 2, 21, 5, 1),
(20210915.5, '2021-09-15', 2, 33, 5, 1),
(20210915.5, '2021-09-15', 2, 52, 5, 16),
(20210915.6, '2021-09-15', 2, 21, 6, 1),
(20210915.6, '2021-09-15', 2, 33, 6, 1),
(20210915.6, '2021-09-15', 2, 52, 6, 1),
(20210916.1, '2021-09-16', 3, 21, 1, 1),
(20210916.1, '2021-09-16', 3, 33, 1, 21),
(20210916.1, '2021-09-16', 3, 52, 1, 10),
(20210916.2, '2021-09-16', 3, 21, 2, 1),
(20210916.2, '2021-09-16', 3, 33, 2, 22),
(20210916.2, '2021-09-16', 3, 52, 2, 13),
(20210916.3, '2021-09-16', 3, 21, 3, 1),
(20210916.3, '2021-09-16', 3, 33, 3, 23),
(20210916.3, '2021-09-16', 3, 52, 3, 11),
(20210916.4, '2021-09-16', 3, 21, 4, 1),
(20210916.4, '2021-09-16', 3, 33, 4, 20),
(20210916.4, '2021-09-16', 3, 52, 4, 12),
(20210916.5, '2021-09-16', 3, 21, 5, 1),
(20210916.5, '2021-09-16', 3, 33, 5, 1),
(20210916.5, '2021-09-16', 3, 52, 5, 14),
(20210916.6, '2021-09-16', 3, 21, 6, 1),
(20210916.6, '2021-09-16', 3, 33, 6, 1),
(20210916.6, '2021-09-16', 3, 52, 6, 16),
(20210917.1, '2021-09-17', 4, 21, 1, 1),
(20210917.1, '2021-09-17', 4, 33, 1, 23),
(20210917.1, '2021-09-17', 4, 52, 1, 17),
(20210917.2, '2021-09-17', 4, 21, 2, 1),
(20210917.2, '2021-09-17', 4, 33, 2, 20),
(20210917.2, '2021-09-17', 4, 52, 2, 10),
(20210917.3, '2021-09-17', 4, 21, 3, 1),
(20210917.3, '2021-09-17', 4, 33, 3, 22),
(20210917.3, '2021-09-17', 4, 52, 3, 14),
(20210917.4, '2021-09-17', 4, 21, 4, 1),
(20210917.4, '2021-09-17', 4, 33, 4, 21),
(20210917.4, '2021-09-17', 4, 52, 4, 12),
(20210917.5, '2021-09-17', 4, 21, 5, 2),
(20210917.5, '2021-09-17', 4, 33, 5, 1),
(20210917.5, '2021-09-17', 4, 52, 5, 11),
(20210917.6, '2021-09-17', 4, 21, 6, 1),
(20210917.6, '2021-09-17', 4, 33, 6, 1),
(20210917.6, '2021-09-17', 4, 52, 6, 1),
(20210920.1, '2021-09-20', 0, 21, 1, 2),
(20210920.1, '2021-09-20', 0, 33, 1, 20),
(20210920.1, '2021-09-20', 0, 52, 1, 10),
(20210920.2, '2021-09-20', 0, 21, 2, 1),
(20210920.2, '2021-09-20', 0, 33, 2, 21),
(20210920.2, '2021-09-20', 0, 52, 2, 13),
(20210920.3, '2021-09-20', 0, 21, 3, 1),
(20210920.3, '2021-09-20', 0, 33, 3, 22),
(20210920.3, '2021-09-20', 0, 52, 3, 12),
(20210920.4, '2021-09-20', 0, 21, 4, 1),
(20210920.4, '2021-09-20', 0, 33, 4, 23),
(20210920.4, '2021-09-20', 0, 52, 4, 18),
(20210920.5, '2021-09-20', 0, 21, 5, 1),
(20210920.5, '2021-09-20', 0, 33, 5, 1),
(20210920.5, '2021-09-20', 0, 52, 5, 16),
(20210920.6, '2021-09-20', 0, 21, 6, 1),
(20210920.6, '2021-09-20', 0, 33, 6, 1),
(20210920.6, '2021-09-20', 0, 52, 6, 1),
(20210921.1, '2021-09-21', 1, 21, 1, 1),
(20210921.1, '2021-09-21', 1, 33, 1, 21),
(20210921.1, '2021-09-21', 1, 52, 1, 11),
(20210921.2, '2021-09-21', 1, 21, 2, 1),
(20210921.2, '2021-09-21', 1, 33, 2, 23),
(20210921.2, '2021-09-21', 1, 52, 2, 17),
(20210921.3, '2021-09-21', 1, 21, 3, 2),
(20210921.3, '2021-09-21', 1, 33, 3, 20),
(20210921.3, '2021-09-21', 1, 52, 3, 15),
(20210921.4, '2021-09-21', 1, 21, 4, 1),
(20210921.4, '2021-09-21', 1, 33, 4, 22),
(20210921.4, '2021-09-21', 1, 52, 4, 15),
(20210921.5, '2021-09-21', 1, 21, 5, 1),
(20210921.5, '2021-09-21', 1, 33, 5, 1),
(20210921.5, '2021-09-21', 1, 52, 5, 10),
(20210921.6, '2021-09-21', 1, 21, 6, 1),
(20210921.6, '2021-09-21', 1, 33, 6, 1),
(20210921.6, '2021-09-21', 1, 52, 6, 12),
(20210922.1, '2021-09-22', 2, 21, 1, 1),
(20210922.1, '2021-09-22', 2, 33, 1, 22),
(20210922.1, '2021-09-22', 2, 52, 1, 10),
(20210922.2, '2021-09-22', 2, 21, 2, 1),
(20210922.2, '2021-09-22', 2, 33, 2, 20),
(20210922.2, '2021-09-22', 2, 52, 2, 14),
(20210922.3, '2021-09-22', 2, 21, 3, 5),
(20210922.3, '2021-09-22', 2, 33, 3, 21),
(20210922.3, '2021-09-22', 2, 52, 3, 13),
(20210922.4, '2021-09-22', 2, 21, 4, 1),
(20210922.4, '2021-09-22', 2, 33, 4, 23),
(20210922.4, '2021-09-22', 2, 52, 4, 12),
(20210922.5, '2021-09-22', 2, 21, 5, 1),
(20210922.5, '2021-09-22', 2, 33, 5, 1),
(20210922.5, '2021-09-22', 2, 52, 5, 16),
(20210922.6, '2021-09-22', 2, 21, 6, 1),
(20210922.6, '2021-09-22', 2, 33, 6, 1),
(20210922.6, '2021-09-22', 2, 52, 6, 1),
(20210923.1, '2021-09-23', 3, 21, 1, 1),
(20210923.1, '2021-09-23', 3, 33, 1, 21),
(20210923.1, '2021-09-23', 3, 52, 1, 10),
(20210923.2, '2021-09-23', 3, 21, 2, 5),
(20210923.2, '2021-09-23', 3, 33, 2, 22),
(20210923.2, '2021-09-23', 3, 52, 2, 13),
(20210923.3, '2021-09-23', 3, 21, 3, 1),
(20210923.3, '2021-09-23', 3, 33, 3, 23),
(20210923.3, '2021-09-23', 3, 52, 3, 11),
(20210923.4, '2021-09-23', 3, 21, 4, 1),
(20210923.4, '2021-09-23', 3, 33, 4, 20),
(20210923.4, '2021-09-23', 3, 52, 4, 12),
(20210923.5, '2021-09-23', 3, 21, 5, 1),
(20210923.5, '2021-09-23', 3, 33, 5, 1),
(20210923.5, '2021-09-23', 3, 52, 5, 14),
(20210923.6, '2021-09-23', 3, 21, 6, 1),
(20210923.6, '2021-09-23', 3, 33, 6, 1),
(20210923.6, '2021-09-23', 3, 52, 6, 16),
(20210924.1, '2021-09-24', 4, 21, 1, 1),
(20210924.1, '2021-09-24', 4, 33, 1, 23),
(20210924.1, '2021-09-24', 4, 52, 1, 17),
(20210924.2, '2021-09-24', 4, 21, 2, 1),
(20210924.2, '2021-09-24', 4, 33, 2, 20),
(20210924.2, '2021-09-24', 4, 52, 2, 10),
(20210924.3, '2021-09-24', 4, 21, 3, 1),
(20210924.3, '2021-09-24', 4, 33, 3, 22),
(20210924.3, '2021-09-24', 4, 52, 3, 14),
(20210924.4, '2021-09-24', 4, 21, 4, 1),
(20210924.4, '2021-09-24', 4, 33, 4, 21),
(20210924.4, '2021-09-24', 4, 52, 4, 12),
(20210924.5, '2021-09-24', 4, 21, 5, 2),
(20210924.5, '2021-09-24', 4, 33, 5, 1),
(20210924.5, '2021-09-24', 4, 52, 5, 11),
(20210924.6, '2021-09-24', 4, 21, 6, 1),
(20210924.6, '2021-09-24', 4, 33, 6, 1),
(20210924.6, '2021-09-24', 5, 52, 6, 9),
(20210925.1, '2021-09-25', 6, 33, 1, 21),
(20210926.1, '2021-09-26', 0, 52, 1, 10),
(20210926.2, '2021-09-26', 0, 52, 2, 11),
(20210927.1, '2021-09-27', 0, 21, 1, 2),
(20210927.1, '2021-09-27', 0, 33, 1, 20),
(20210927.1, '2021-09-27', 0, 52, 1, 10),
(20210927.2, '2021-09-27', 0, 21, 2, 1),
(20210927.2, '2021-09-27', 0, 33, 2, 21),
(20210927.2, '2021-09-27', 0, 52, 2, 13),
(20210927.3, '2021-09-27', 0, 21, 3, 1),
(20210927.3, '2021-09-27', 0, 33, 3, 22),
(20210927.3, '2021-09-27', 0, 52, 3, 12),
(20210927.4, '2021-09-27', 0, 21, 4, 1),
(20210927.4, '2021-09-27', 0, 33, 4, 23),
(20210927.4, '2021-09-27', 0, 52, 4, 18),
(20210927.5, '2021-09-27', 0, 21, 5, 1),
(20210927.5, '2021-09-27', 0, 33, 5, 1),
(20210927.5, '2021-09-27', 0, 52, 5, 16),
(20210927.6, '2021-09-27', 0, 21, 6, 1),
(20210927.6, '2021-09-27', 0, 33, 6, 1),
(20210927.6, '2021-09-27', 0, 52, 6, 1),
(20210928.1, '2021-09-28', 1, 21, 1, 1),
(20210928.1, '2021-09-28', 1, 33, 1, 21),
(20210928.1, '2021-09-28', 1, 52, 1, 11),
(20210928.2, '2021-09-28', 1, 21, 2, 1),
(20210928.2, '2021-09-28', 1, 33, 2, 23),
(20210928.2, '2021-09-28', 1, 52, 2, 17),
(20210928.3, '2021-09-28', 1, 21, 3, 2),
(20210928.3, '2021-09-28', 1, 33, 3, 20),
(20210928.3, '2021-09-28', 1, 52, 3, 15),
(20210928.4, '2021-09-28', 1, 21, 4, 1),
(20210928.4, '2021-09-28', 1, 33, 4, 22),
(20210928.4, '2021-09-28', 1, 52, 4, 15),
(20210928.5, '2021-09-28', 1, 21, 5, 1),
(20210928.5, '2021-09-28', 1, 33, 5, 1),
(20210928.5, '2021-09-28', 1, 52, 5, 10),
(20210928.6, '2021-09-28', 1, 21, 6, 1),
(20210928.6, '2021-09-28', 1, 33, 6, 1),
(20210928.6, '2021-09-28', 1, 52, 6, 12),
(20210929.1, '2021-09-29', 2, 21, 1, 1),
(20210929.1, '2021-09-29', 2, 33, 1, 22),
(20210929.1, '2021-09-29', 2, 52, 1, 10),
(20210929.2, '2021-09-29', 2, 21, 2, 1),
(20210929.2, '2021-09-29', 2, 33, 2, 20),
(20210929.2, '2021-09-29', 2, 52, 2, 14),
(20210929.3, '2021-09-29', 2, 21, 3, 5),
(20210929.3, '2021-09-29', 2, 33, 3, 21),
(20210929.3, '2021-09-29', 2, 52, 3, 13),
(20210929.4, '2021-09-29', 2, 21, 4, 1),
(20210929.4, '2021-09-29', 2, 33, 4, 23),
(20210929.4, '2021-09-29', 2, 52, 4, 12),
(20210929.5, '2021-09-29', 2, 21, 5, 1),
(20210929.5, '2021-09-29', 2, 33, 5, 1),
(20210929.5, '2021-09-29', 2, 52, 5, 16),
(20210929.6, '2021-09-29', 2, 21, 6, 1),
(20210929.6, '2021-09-29', 2, 33, 6, 1),
(20210929.6, '2021-09-29', 2, 52, 6, 1),
(20210930.1, '2021-09-30', 3, 21, 1, 1),
(20210930.1, '2021-09-30', 3, 33, 1, 21),
(20210930.1, '2021-09-30', 3, 52, 1, 10),
(20210930.2, '2021-09-30', 3, 21, 2, 1),
(20210930.2, '2021-09-30', 3, 33, 2, 22),
(20210930.2, '2021-09-30', 3, 52, 2, 13),
(20210930.3, '2021-09-30', 3, 21, 3, 1),
(20210930.3, '2021-09-30', 3, 33, 3, 23),
(20210930.3, '2021-09-30', 3, 52, 3, 11),
(20210930.4, '2021-09-30', 3, 21, 4, 1),
(20210930.4, '2021-09-30', 3, 33, 4, 20),
(20210930.4, '2021-09-30', 3, 52, 4, 12),
(20210930.5, '2021-09-30', 3, 21, 5, 1),
(20210930.5, '2021-09-30', 3, 33, 5, 1),
(20210930.5, '2021-09-30', 3, 52, 5, 14),
(20210930.6, '2021-09-30', 3, 21, 6, 1),
(20210930.6, '2021-09-30', 3, 33, 6, 1),
(20210930.6, '2021-09-30', 3, 52, 6, 16),
(20211001.1, '2021-10-01', 4, 21, 1, 1),
(20211001.1, '2021-10-01', 4, 33, 1, 23),
(20211001.1, '2021-10-01', 4, 52, 1, 17),
(20211001.2, '2021-10-01', 4, 21, 2, 1),
(20211001.2, '2021-10-01', 4, 33, 2, 20),
(20211001.2, '2021-10-01', 4, 52, 2, 10),
(20211001.3, '2021-10-01', 4, 21, 3, 1),
(20211001.3, '2021-10-01', 4, 33, 3, 22),
(20211001.3, '2021-10-01', 4, 52, 3, 14),
(20211001.4, '2021-10-01', 4, 21, 4, 1),
(20211001.4, '2021-10-01', 4, 33, 4, 21),
(20211001.4, '2021-10-01', 4, 52, 4, 12),
(20211001.5, '2021-10-01', 4, 21, 5, 2),
(20211001.5, '2021-10-01', 4, 33, 5, 1),
(20211001.5, '2021-10-01', 4, 52, 5, 11),
(20211001.6, '2021-10-01', 4, 21, 6, 1),
(20211001.6, '2021-10-01', 4, 33, 6, 1),
(20211001.6, '2021-10-01', 4, 52, 6, 1),
(20211004.1, '2021-10-04', 0, 21, 1, 2),
(20211004.2, '2021-10-04', 0, 21, 2, 1),
(20211004.3, '2021-10-04', 0, 21, 3, 2),
(20211004.4, '2021-10-04', 0, 21, 4, 2),
(20211004.5, '2021-10-04', 0, 21, 5, 1),
(20211004.6, '2021-10-04', 0, 21, 6, 1),
(20211005.1, '2021-10-05', 1, 21, 1, 8),
(20211005.2, '2021-10-05', 1, 21, 2, 1),
(20211005.3, '2021-10-05', 1, 21, 3, 2),
(20211005.4, '2021-10-05', 1, 21, 4, 2),
(20211005.5, '2021-10-05', 1, 21, 5, 5),
(20211005.6, '2021-10-05', 1, 21, 6, 1),
(20211006.1, '2021-10-06', 2, 21, 1, 1),
(20211006.2, '2021-10-06', 2, 21, 2, 2),
(20211006.3, '2021-10-06', 2, 21, 3, 2),
(20211006.4, '2021-10-06', 2, 21, 4, 1),
(20211006.5, '2021-10-06', 2, 21, 5, 2),
(20211006.6, '2021-10-06', 2, 21, 6, 1),
(20211007.1, '2021-10-07', 3, 21, 1, 1),
(20211007.2, '2021-10-07', 3, 21, 2, 2),
(20211007.3, '2021-10-07', 3, 21, 3, 1),
(20211007.4, '2021-10-07', 3, 21, 4, 1),
(20211007.5, '2021-10-07', 3, 21, 5, 6),
(20211007.6, '2021-10-07', 3, 21, 6, 6),
(20211008.1, '2021-10-08', 4, 21, 1, 5),
(20211008.2, '2021-10-08', 4, 21, 2, 1),
(20211008.3, '2021-10-08', 4, 21, 3, 8),
(20211008.4, '2021-10-08', 4, 21, 4, 8),
(20211008.5, '2021-10-08', 4, 21, 5, 2),
(20211008.6, '2021-10-08', 4, 21, 6, 1),
(20211011.1, '2021-10-11', 0, 21, 1, 1),
(20211011.2, '2021-10-11', 0, 21, 2, 1),
(20211011.3, '2021-10-11', 0, 21, 3, 1),
(20211011.4, '2021-10-11', 0, 21, 4, 1),
(20211011.5, '2021-10-11', 0, 21, 5, 1),
(20211011.6, '2021-10-11', 0, 21, 6, 1),
(20211012.1, '2021-10-12', 1, 21, 1, 2),
(20211012.2, '2021-10-12', 1, 21, 2, 1),
(20211012.3, '2021-10-12', 1, 21, 3, 1),
(20211012.4, '2021-10-12', 1, 21, 4, 1),
(20211012.5, '2021-10-12', 1, 21, 5, 1),
(20211012.6, '2021-10-12', 1, 21, 6, 1),
(20211013.1, '2021-10-13', 2, 21, 1, 2),
(20211013.2, '2021-10-13', 2, 21, 2, 1),
(20211013.3, '2021-10-13', 2, 21, 3, 1),
(20211013.4, '2021-10-13', 2, 21, 4, 1),
(20211013.5, '2021-10-13', 2, 21, 5, 1),
(20211013.6, '2021-10-13', 2, 21, 6, 1),
(20211014.1, '2021-10-14', 3, 21, 1, 5),
(20211014.2, '2021-10-14', 3, 21, 2, 1),
(20211014.3, '2021-10-14', 3, 21, 3, 1),
(20211014.4, '2021-10-14', 3, 21, 4, 1),
(20211014.5, '2021-10-14', 3, 21, 5, 1),
(20211014.6, '2021-10-14', 3, 21, 6, 1),
(20211015.1, '2021-10-15', 4, 21, 1, 8),
(20211015.2, '2021-10-15', 4, 21, 2, 1),
(20211015.3, '2021-10-15', 4, 21, 3, 1),
(20211015.4, '2021-10-15', 4, 21, 4, 1),
(20211015.5, '2021-10-15', 4, 21, 5, 1),
(20211015.6, '2021-10-15', 4, 21, 6, 1);

-- --------------------------------------------------------

--
-- テーブルの構造 `dayOfweekTable`
--

CREATE TABLE `dayOfweekTable` (
  `dayOfweekNumber` int(11) NOT NULL,
  `dayOfweekDisplay` text NOT NULL
) ENGINE=InnoDB DEFAULT CHARSET=utf8;

--
-- テーブルのデータのダンプ `dayOfweekTable`
--

INSERT INTO `dayOfweekTable` (`dayOfweekNumber`, `dayOfweekDisplay`) VALUES
(1, '月'),
(2, '火'),
(3, '水'),
(4, '木'),
(5, '金'),
(6, '土'),
(7, '日');

-- --------------------------------------------------------

--
-- テーブルの構造 `mainPreset`
--

CREATE TABLE `mainPreset` (
  `classID` int(11) NOT NULL,
  `presetNumber` int(11) NOT NULL
) ENGINE=InnoDB DEFAULT CHARSET=utf8;

--
-- テーブルのデータのダンプ `mainPreset`
--

INSERT INTO `mainPreset` (`classID`, `presetNumber`) VALUES
(21, 1),
(52, 2);

-- --------------------------------------------------------

--
-- テーブルの構造 `news`
--

CREATE TABLE `news` (
  `classID` int(11) NOT NULL,
  `date` datetime NOT NULL,
  `message` text NOT NULL
) ENGINE=InnoDB DEFAULT CHARSET=utf8;

--
-- テーブルのデータのダンプ `news`
--

INSERT INTO `news` (`classID`, `date`, `message`) VALUES
(21, '2021-09-21 20:18:09', '明日はお弁当を忘れないでください！'),
(52, '2021-09-23 13:11:23', '明日は傘を持ってきてください');

-- --------------------------------------------------------

--
-- テーブルの構造 `presetData`
--

CREATE TABLE `presetData` (
  `presetNumber` int(11) NOT NULL,
  `classID` int(11) NOT NULL,
  `presetName` varchar(50) NOT NULL,
  `preset11` int(11) NOT NULL,
  `preset12` int(11) NOT NULL,
  `preset13` int(11) NOT NULL,
  `preset14` int(11) NOT NULL,
  `preset15` int(11) NOT NULL,
  `preset16` int(11) NOT NULL,
  `preset21` int(11) NOT NULL,
  `preset22` int(11) NOT NULL,
  `preset23` int(11) NOT NULL,
  `preset24` int(11) NOT NULL,
  `preset25` int(11) NOT NULL,
  `preset26` int(11) NOT NULL,
  `preset31` int(11) NOT NULL,
  `preset32` int(11) NOT NULL,
  `preset33` int(11) NOT NULL,
  `preset34` int(11) NOT NULL,
  `preset35` int(11) NOT NULL,
  `preset36` int(11) NOT NULL,
  `preset41` int(11) NOT NULL,
  `preset42` int(11) NOT NULL,
  `preset43` int(11) NOT NULL,
  `preset44` int(11) NOT NULL,
  `preset45` int(11) NOT NULL,
  `preset46` int(11) NOT NULL,
  `preset51` int(11) NOT NULL,
  `preset52` int(11) NOT NULL,
  `preset53` int(11) NOT NULL,
  `preset54` int(11) NOT NULL,
  `preset55` int(11) NOT NULL,
  `preset56` int(11) NOT NULL
) ENGINE=InnoDB DEFAULT CHARSET=utf8;

--
-- テーブルのデータのダンプ `presetData`
--

INSERT INTO `presetData` (`presetNumber`, `classID`, `presetName`, `preset11`, `preset12`, `preset13`, `preset14`, `preset15`, `preset16`, `preset21`, `preset22`, `preset23`, `preset24`, `preset25`, `preset26`, `preset31`, `preset32`, `preset33`, `preset34`, `preset35`, `preset36`, `preset41`, `preset42`, `preset43`, `preset44`, `preset45`, `preset46`, `preset51`, `preset52`, `preset53`, `preset54`, `preset55`, `preset56`) VALUES
(1, 21, 'テスト１', 2, 1, 1, 1, 1, 1, 1, 1, 2, 1, 1, 1, 1, 1, 5, 1, 1, 1, 1, 1, 1, 1, 1, 1, 1, 1, 1, 1, 2, 1),
(2, 52, '通常', 10, 13, 12, 18, 16, 1, 11, 17, 15, 15, 10, 12, 10, 14, 13, 12, 16, 1, 10, 13, 11, 12, 14, 16, 17, 10, 14, 12, 11, 1),
(3, 33, '通常', 20, 21, 22, 23, 1, 1, 21, 23, 20, 22, 1, 1, 22, 20, 21, 23, 1, 1, 21, 22, 23, 20, 1, 1, 23, 20, 22, 21, 1, 1),
(4, 21, 'テスト２', 2, 1, 2, 2, 1, 1, 8, 1, 2, 2, 5, 1, 1, 2, 2, 1, 2, 1, 1, 2, 1, 1, 6, 6, 5, 1, 8, 8, 2, 1),
(7, 21, '空', 1, 1, 1, 1, 1, 1, 2, 1, 1, 1, 1, 1, 2, 1, 1, 1, 1, 1, 5, 1, 1, 1, 1, 1, 8, 1, 1, 1, 1, 1),
(8, 52, '空', 10, 9, 9, 9, 9, 9, 10, 11, 9, 9, 9, 9, 11, 12, 15, 9, 9, 9, 11, 18, 15, 13, 9, 9, 18, 13, 14, 16, 16, 9);

-- --------------------------------------------------------

--
-- テーブルの構造 `subjectTable`
--

CREATE TABLE `subjectTable` (
  `subjectID` int(11) NOT NULL,
  `subjectClassID` int(11) NOT NULL,
  `subjectName` varchar(50) NOT NULL,
  `subjectColor` text NOT NULL
) ENGINE=InnoDB DEFAULT CHARSET=utf8;

--
-- テーブルのデータのダンプ `subjectTable`
--

INSERT INTO `subjectTable` (`subjectID`, `subjectClassID`, `subjectName`, `subjectColor`) VALUES
(1, 21, '国語', '#ff0000'),
(2, 21, '算数', '#002aff'),
(5, 21, '理科', '#25c168'),
(6, 21, 'なし', '#ffffff'),
(7, 63, 'なし', '#ffffff'),
(8, 21, '社会', '#f3d772'),
(9, 52, 'なし', '#ffffff'),
(10, 52, '国語', '#eb4d3d'),
(11, 52, '算数', '#285ff4'),
(12, 52, '理科', '#64c466'),
(13, 52, '社会', '#f7ce46'),
(14, 52, '英語', '#fdc700'),
(15, 52, '図工', '#9ba50e'),
(16, 52, '音楽', '#feb43f'),
(17, 52, '道徳', '#d19d01'),
(18, 52, '体育', '#669d34'),
(19, 33, 'なし', '#ffffff'),
(20, 33, '国語', '#ff5252'),
(21, 33, '算数', '#57beff'),
(22, 33, '理科', '#66ff8c'),
(23, 33, '社会', '#ff944d');

-- --------------------------------------------------------

--
-- テーブルの構造 `todayBringTable`
--

CREATE TABLE `todayBringTable` (
  `gradeID` int(11) NOT NULL,
  `todayDate` date NOT NULL,
  `todayTime` int(11) NOT NULL,
  `subjectID` int(11) NOT NULL
) ENGINE=InnoDB DEFAULT CHARSET=utf8;

-- --------------------------------------------------------

--
-- テーブルの構造 `userDeta`
--

CREATE TABLE `userDeta` (
  `id` int(11) NOT NULL,
  `gradeId` char(2) DEFAULT NULL,
  `email` varchar(255) DEFAULT NULL,
  `password` varchar(255) DEFAULT NULL,
  `created` timestamp NOT NULL DEFAULT current_timestamp()
) ENGINE=InnoDB DEFAULT CHARSET=utf8;

--
-- テーブルのデータのダンプ `userDeta`
--

INSERT INTO `userDeta` (`id`, `gradeId`, `email`, `password`, `created`) VALUES
(1, '21', '21@hoge.com', '$2y$10$LLgqpZYcGLUKmEF65pYXKeSXH7xH56s32xRwThG/kyUT2ztjqcRde', '2021-08-08 08:59:09'),
(2, '63', '63@hoge.com', '$2y$10$4aXoDmpcupEE17SmJW1F3eHS7zFrUxHsWJO7lLOL2BF6aJOEc7rPS', '2021-09-08 02:34:47'),
(4, '52', '52@hoge.com', '$2y$10$GBQNpJShpFk1gpETMvA6ku8Cs4N9YtvA/rm8n.Waim/L9/dRgK7Qa', '2021-09-21 07:51:28'),
(5, '33', 's1801095@sendai-nct.jp', '$2y$10$0umd8zxGzedGzsIwa3Qwy.nzpuOEYvojmd35OOR1Ec7Ss00n/jZrW', '2021-09-23 06:24:34');

-- --------------------------------------------------------

--
-- テーブルの構造 `weeks`
--

CREATE TABLE `weeks` (
  `classID` int(11) NOT NULL,
  `monday` date NOT NULL,
  `presetNumber` int(11) NOT NULL
) ENGINE=InnoDB DEFAULT CHARSET=utf8;

--
-- テーブルのデータのダンプ `weeks`
--

INSERT INTO `weeks` (`classID`, `monday`, `presetNumber`) VALUES
(21, '2021-09-06', 1),
(21, '2021-09-13', 1),
(21, '2021-09-20', 1),
(21, '2021-09-27', 1),
(21, '2021-10-04', 4),
(21, '2021-10-11', 7),
(33, '2021-09-06', 3),
(33, '2021-09-13', 3),
(33, '2021-09-20', 3),
(33, '2021-09-27', 3),
(52, '2021-05-03', 8),
(52, '2021-09-06', 2),
(52, '2021-09-13', 2),
(52, '2021-09-20', 2),
(52, '2021-09-27', 2);

--
-- ダンプしたテーブルのインデックス
--

--
-- テーブルのインデックス `bringCalendar`
--
ALTER TABLE `bringCalendar`
  ADD PRIMARY KEY (`Date`,`classID`,`subjectID`,`bringName`);

--
-- テーブルのインデックス `bringTable`
--
ALTER TABLE `bringTable`
  ADD PRIMARY KEY (`bringID`);

--
-- テーブルのインデックス `Calendar`
--
ALTER TABLE `Calendar`
  ADD PRIMARY KEY (`originalNumber`,`classID`);

--
-- テーブルのインデックス `mainPreset`
--
ALTER TABLE `mainPreset`
  ADD PRIMARY KEY (`classID`);

--
-- テーブルのインデックス `news`
--
ALTER TABLE `news`
  ADD PRIMARY KEY (`classID`);

--
-- テーブルのインデックス `presetData`
--
ALTER TABLE `presetData`
  ADD PRIMARY KEY (`presetNumber`),
  ADD UNIQUE KEY `classID` (`classID`,`presetName`);

--
-- テーブルのインデックス `subjectTable`
--
ALTER TABLE `subjectTable`
  ADD PRIMARY KEY (`subjectID`);

--
-- テーブルのインデックス `userDeta`
--
ALTER TABLE `userDeta`
  ADD PRIMARY KEY (`id`),
  ADD UNIQUE KEY `email` (`email`),
  ADD UNIQUE KEY `gradeId` (`gradeId`);

--
-- テーブルのインデックス `weeks`
--
ALTER TABLE `weeks`
  ADD PRIMARY KEY (`classID`,`monday`);

--
-- ダンプしたテーブルのAUTO_INCREMENT
--

--
-- テーブルのAUTO_INCREMENT `bringTable`
--
ALTER TABLE `bringTable`
  MODIFY `bringID` int(11) NOT NULL AUTO_INCREMENT, AUTO_INCREMENT=34;

--
-- テーブルのAUTO_INCREMENT `presetData`
--
ALTER TABLE `presetData`
  MODIFY `presetNumber` int(11) NOT NULL AUTO_INCREMENT, AUTO_INCREMENT=9;

--
-- テーブルのAUTO_INCREMENT `subjectTable`
--
ALTER TABLE `subjectTable`
  MODIFY `subjectID` int(11) NOT NULL AUTO_INCREMENT, AUTO_INCREMENT=29;

--
-- テーブルのAUTO_INCREMENT `userDeta`
--
ALTER TABLE `userDeta`
  MODIFY `id` int(11) NOT NULL AUTO_INCREMENT, AUTO_INCREMENT=8;
COMMIT;

/*!40101 SET CHARACTER_SET_CLIENT=@OLD_CHARACTER_SET_CLIENT */;
/*!40101 SET CHARACTER_SET_RESULTS=@OLD_CHARACTER_SET_RESULTS */;
/*!40101 SET COLLATION_CONNECTION=@OLD_COLLATION_CONNECTION */;
